{"cameraMode":{"drawMode":0,"name":"Shaded","section":"Shading Mode"},"sceneLighting":false,"audioPlay":false,"sceneViewState":{"m_AlwaysRefresh":false,"showFog":true,"showSkybox":true,"showFlares":true,"showImageEffects":true,"showParticleSystems":true,"showVisualEffectGraphs":true,"m_FxEnabled":true},"in2DMode":false,"pivot":{"x":49.45954895019531,"y":-114.60945892333985,"z":240.7406463623047},"rotation":{"x":0.23253673315048219,"y":0.09548456966876984,"z":-0.023145874962210656,"w":0.9678347706794739},"size":140.4774627685547,"orthographic":false}