{"cameraMode":{"drawMode":0,"name":"Shaded","section":"Shading Mode"},"sceneLighting":false,"audioPlay":false,"sceneViewState":{"m_AlwaysRefresh":false,"showFog":true,"showSkybox":false,"showFlares":true,"showImageEffects":true,"showParticleSystems":true,"showVisualEffectGraphs":true,"m_FxEnabled":true},"in2DMode":false,"pivot":{"x":2.9802322387695315e-8,"y":-0.025809792801737787,"z":-0.7179347276687622},"rotation":{"x":0.24915678799152375,"y":0.4175647795200348,"z":-0.12028925120830536,"w":0.8655921220779419},"size":1.131811499595642,"orthographic":false}