{"cameraMode":{"drawMode":0,"name":"Shaded","section":"Shading Mode"},"sceneLighting":false,"audioPlay":false,"sceneViewState":{"m_AlwaysRefresh":false,"showFog":true,"showSkybox":false,"showFlares":true,"showImageEffects":true,"showParticleSystems":true,"showVisualEffectGraphs":true,"m_FxEnabled":true},"in2DMode":false,"pivot":{"x":-5.960464477539063e-8,"y":0.803797721862793,"z":-0.06744033098220825},"rotation":{"x":-0.0016300168354064227,"y":-0.9952465891838074,"z":0.09614875912666321,"w":-0.01699841395020485},"size":1.2835454940795899,"orthographic":false}