{"cameraMode":{"drawMode":0,"name":"Shaded","section":"Shading Mode"},"sceneLighting":false,"audioPlay":false,"sceneViewState":{"m_AlwaysRefresh":false,"showFog":true,"showSkybox":false,"showFlares":true,"showImageEffects":true,"showParticleSystems":true,"showVisualEffectGraphs":true,"m_FxEnabled":true},"in2DMode":false,"pivot":{"x":47.09809112548828,"y":50.261566162109378,"z":20.503101348876954},"rotation":{"x":-0.28642675280570986,"y":0.1411542147397995,"z":0.04234738647937775,"w":0.9469091296195984},"size":103.07764434814453,"orthographic":false}