{"cameraMode":{"drawMode":0,"name":"Shaded","section":"Shading Mode"},"sceneLighting":false,"audioPlay":false,"sceneViewState":{"m_AlwaysRefresh":false,"showFog":true,"showSkybox":false,"showFlares":true,"showImageEffects":true,"showParticleSystems":true,"showVisualEffectGraphs":true,"m_FxEnabled":true},"in2DMode":false,"pivot":{"x":0.000006198883056640625,"y":0.8615970611572266,"z":-0.0294569730758667},"rotation":{"x":-0.0016300168354064227,"y":-0.9952465891838074,"z":0.09614875912666321,"w":-0.01699841395020485},"size":1.7122266292572022,"orthographic":false}