{"cameraMode":{"drawMode":0,"name":"Shaded","section":"Shading Mode"},"sceneLighting":true,"audioPlay":false,"sceneViewState":{"m_AlwaysRefresh":false,"showFog":true,"showSkybox":true,"showFlares":true,"showImageEffects":true,"showParticleSystems":true,"showVisualEffectGraphs":true,"m_FxEnabled":true},"in2DMode":false,"pivot":{"x":-3.1197996139526369,"y":-3.3223094940185549,"z":0.4110393524169922},"rotation":{"x":0.08239798992872238,"y":0.9175533056259155,"z":-0.28064754605293276,"w":0.2696393132209778},"size":7.200829982757568,"orthographic":false}